module_name,label,alt_label,unit
DERIVED_QUANTITIES,SSB_Virgin,spawning_biomass_unfished,kg
DERIVED_QUANTITIES,SSB_Initial,spawning_biomass_initial,kg
DERIVED_QUANTITIES,SSB,spawning_biomass,kg
DERIVED_QUANTITIES,Recr_Virgin,spawning_biomass,kg
DERIVED_QUANTITIES,Recr_Initial,recruitment_initial,kg
DERIVED_QUANTITIES,Recr,recruitment,kg
DERIVED_QUANTITIES,SPRratio,spawning_potential_ratio_ratio,
AGE_SELEX,F,fishing_mortality,
DERIVED_QUANTITIES,F,fishing_mortality,
F_AT_AGE,F,fishing_mortality,
DERIVED_QUANTITIES,Bratio,biomass_ratio,
DERIVED_QUANTITIES,SSB_unfished,spawning_biomass_unfished,kg
DERIVED_QUANTITIES,Totbio_unfished,biomass_unfished,kg
DERIVED_QUANTITIES,SmryBio_unfished,biomass_unfished_midyear,kg
DERIVED_QUANTITIES,Recr_unfished,recruitment_unfished,kg
DERIVED_QUANTITIES,SSB_Btgt,spawning_biomass_at_biomass_target,kg
DERIVED_QUANTITIES,SPR_Btgt,spawning_potential_ratio_biomass_target,
DERIVED_QUANTITIES,annF_Btgt,annual_F_biomass_target,kg
DERIVED_QUANTITIES,Dead_Catch_Btgt,dead_catch_biomass_target,kg
DERIVED_QUANTITIES,SSB_SPR,spawning_biomass_spawning_potential_ratio,
DERIVED_QUANTITIES,annF_SPR,fishing_mortality_spawning_potential_ratio,
DERIVED_QUANTITIES,Dead_Catch_SPR,dead_catch_spawning_potential_ratio,
DERIVED_QUANTITIES,SSB_MSY,spawning_biomass_msy,kg
DERIVED_QUANTITIES,SPR_MSY,spawning_potential_ratio_msy,
DERIVED_QUANTITIES,annF_MSY,f_msy,
DERIVED_QUANTITIES,Dead_Catch_MSY,dead_catch_msy,kg
DERIVED_QUANTITIES,Ret_Catch_MSY,catch_msy,kg
DERIVED_QUANTITIES,B_MSY/SSB_unfished,biomass_msy_spawning_biomass_unfished,
DERIVED_QUANTITIES,ForeCatch,catch,kg
DERIVED_QUANTITIES,OFLCatch,catch_ofl,kg
DERIVED_QUANTITIES,ForeCatchret,catch_retained,kg
DERIVED_QUANTITIES,ln(SPB),ln_spb,kg
MGparm_By_Year_after_adjustments,change?,,kg
MGparm_By_Year_after_adjustments,natm_uniform,,kg
MGparm_By_Year_after_adjustments,l_at_amin,length_at_age_min,cm
MGparm_By_Year_after_adjustments,l_at_amax,length_at_age_max,cm
MGparm_By_Year_after_adjustments,vonbert_k,k,kg
MGparm_By_Year_after_adjustments,cv_young,,kg
MGparm_By_Year_after_adjustments,cv_old,,kg
MGparm_By_Year_after_adjustments,wtlen,,kg
MGparm_By_Year_after_adjustments,mat50%,,kg
MGparm_By_Year_after_adjustments,mat_slope,,kg
MGparm_By_Year_after_adjustments,eggs/kg_inter,,kg
MGparm_By_Year_after_adjustments,eggs/kg_slope_wt,,kg
MGparm_By_Year_after_adjustments,cohortgrowdev,,kg
MGparm_By_Year_after_adjustments,fracfemale,proportion_female,
OVERALL_COMPS,freq,,kg
OVERALL_COMPS,cum,,kg
OVERALL_COMPS,female,,kg
OVERALL_COMPS,male,,kg
BIOMASS_AT_AGE,biomass,,kg
CATCH,obs,landings_observed_weight,kg
INDEX_2,obs,index_observed,
CATCH,exp,landings_predicted_weight,kg
INDEX_2,exp,index_predicted,
CATCH,mult,,kg
CATCH,exp*mult,,kg
CATCH,f,,kg
CATCH,like,,kg
INDEX_2,like,,
CATCH,sel_bio,,kg
CATCH,kill_bio,,kg
CATCH,ret_bio,catch_weight,kg
CATCH,sel_num,,kg
CATCH,kill_num,,kg
CATCH,ret_num,catch_numbers,kg
CATCH,discard,discards_weight,kg
CATCH_AT_AGE,catch,catch_weight,kg
MEAN_SIZE_TIMESERIES,mean_size,,kg
NUMBERS_AT_AGE,numbers,abundance,kg
NUMBERS_AT_LENGTH,numbers,abundance,kg
SPAWN_RECRUIT,spawnbio,spawning_biomass,kg
TIME_SERIES,spawnbio,spawning_biomass,kg
SPAWN_RECRUIT,exp_recr,expected_recruitment,kg
SPAWN_RECRUIT,with_regime,,kg
SPAWN_RECRUIT,bias_adjusted,,kg
SPAWN_RECRUIT,pred_recr,predicted_recruitment,kg
INDEX_2,dev,,
SPAWN_RECRUIT,dev,recruitment_deviations,kg
SPAWN_RECRUIT,biasadjuster,,kg
SPAWN_RECRUIT,mature_bio,mature_biomass,kg
TIME_SERIES,mature_bio,mature_biomass,kg
SPAWN_RECRUIT,mature_num,mature_abundance,kg
TIME_SERIES,mature_num,mature_abundance,kg
SPAWN_RECRUIT,raw_dev,,kg
TIME_SERIES,bio_all,biomass,kg
TIME_SERIES,bio_smry,biomass_reference_age,
TIME_SERIES,recruit,recruitment,kg
TIME_SERIES,smrybio,biomass_midyear,kg
TIME_SERIES,smrynum,abundance_midyear,kg
TIME_SERIES,sel(b),catch_selected,kg
TIME_SERIES,dead(b),catch_dead,kg
TIME_SERIES,retain(b),catch_retained,kg
TIME_SERIES,sel(n),numbers,kg
TIME_SERIES,dead(n),numbers_dead,kg
TIME_SERIES,retain(n),numbers_retained,kg
TIME_SERIES,obs_cat,catch_observed,kg
TIME_SERIES,ssb_vir_lh,spawning_biomass_unfished,kg
TIME_SERIES,abc_buffer,,kg
INDEX_2,month,,
,std_in,,kg
INDEX_2,like+log(s),,
INDEX_2,suprper,,
,exp_cat,catch_expected,kg
,catch_mult,,kg
,exp_cat*catch_mult,,kg
,f_rate,,
CATCH,vuln_bio,,kg
INDEX_2,vuln_bio,,kg
INDEX_2,calc_q,,kg
INDEX_2,eff_q,,kg
INDEX_2,use,,kg
AGE_SELEX,sel,age_selectivity,
AGE_SELEX,Fecund,fecundity,kg
AGE_SELEX,bodywt,body_weight,kg
AGE_SELEX,dead_nums,dead_numbers,kg
AGE_SELEX,dead*wt,,kg
,Ret,selectivity_retain,
,Mort,selectivity_mortality,
,Keep,selectivity_keep,
,Dead,selectivity_dead,
,Dynamic_Bzero,biomass_zero,kg
Kobe_Plot,b/bmsy,b_bmsy,
Kobe_Plot,f/fmsy,f_fmsy,
,Fstd_Btgt,,kg
AGE_SELEX,Asel,asel,kg
AGE_SELEX,Fecund,fecundity,kg
AGE_SELEX,Asel2,selectivity_age,
AGE_SELEX,sel*wt,,kg
AGE_SELEX,sel*ret*wt,,kg
AGE_SELEX,sel_nums,,kg
AGE_SELEX,sel*ret_nums,,kg
AGE_SELEX,Aret,retention,kg
PARAMETERS,NatM_uniform,natural_mortality_uniform,
PARAMETERS,L_at_Amin,length_at_age_min,cm
PARAMETERS,L_at_Amax,length_at_age_max,cm
PARAMETERS,VonBert_K,k,kg
PARAMETERS,SD_young,sd_young,kg
PARAMETERS,SD_old,sd_old,kg
PARAMETERS,Wtlen,weight_length,kg
PARAMETERS,Mat50%,maturity_50,kg
PARAMETERS,Mat_slope,maturity_slope,kg
PARAMETERS,Eggs_scalar,eggs_scalar,kg
PARAMETERS,Eggs_exp_len,eggs_exp_len,kg
PARAMETERS,CohortGrowDev,cohort_grow_dev,kg
PARAMETERS,FracFemale,proportion_female,
PARAMETERS,SR_LN(R0),ln_recruitment_unfished,kg
PARAMETERS,SR_BH_steep,beverton_holt_steepness,kg
PARAMETERS,SR_sigmaR,sigma_recruitment,kg
PARAMETERS,SR_regime,sr_regime,kg
PARAMETERS,SR_autocorr,sr_autocorrelation,kg
PARAMETERS,initial_age,,kg
PARAMETERS,recruitment_deviations,,kg
PARAMETERS,ForeRecr,recruitment,kg
PARAMETERS,LnQ_base,ln_catchability_base,kg
PARAMETERS,Q_extraSD,catchability_extra_sd,kg
PARAMETERS,Size_DblN_peak,,kg
PARAMETERS,Size_DblN_top_logit,,kg
PARAMETERS,Size_DblN_ascend_se,,kg
PARAMETERS,Size_DblN_descend_se,,kg
PARAMETERS,Size_DblN_start_logit,,kg
PARAMETERS,Size_DblN_end_logit,,kg
PARAMETERS,Retain_L_infl,,kg
PARAMETERS,Retain_L_width,,kg
PARAMETERS,Retain_L_asymptote_logit,,kg
PARAMETERS,Retain_L_maleoffset,,kg
PARAMETERS,SzSel_Male_Peak,,kg
PARAMETERS,SzSel_Male_Ascend,,kg
PARAMETERS,SzSel_Male_Descend,,kg
PARAMETERS,SzSel_Male_Final,,kg
PARAMETERS,SzSel_Male_Scale,,kg
PARAMETERS,Retain_L_infl,,kg
PARAMETERS,Retain_L_width,,kg
PARAMETERS,Retain_L_asymptote_logit,,kg
PARAMETERS,Retain_L_infl,,kg
PARAMETERS,Retain_L_width,,kg
PARAMETERS,Retain_L_asymptote_logit,,kg
FIT_LEN_COMPS,part,,kg
FIT_LEN_COMPS,nsamp_in,,kg
FIT_LEN_COMPS,nsamp_adj,,kg
FIT_LEN_COMPS,nsamp_dm,,kg
FIT_LEN_COMPS,effn,,kg
FIT_LEN_COMPS,method,,kg
FIT_LEN_COMPS,dm_parm,,kg
FIT_LEN_COMPS,mv_t_parm,,kg
FIT_LEN_COMPS,all_obs_mean,,kg
FIT_LEN_COMPS,all_exp_mean,,kg
FIT_LEN_COMPS,all_delta,,kg
FIT_LEN_COMPS,all_exp,,kg
FIT_LEN_COMPS,all_durwat,,kg
FIT_LEN_COMPS,f_obs_mean,,kg
FIT_LEN_COMPS,f_exp_mean,,kg
FIT_LEN_COMPS,f_delta,,kg
FIT_LEN_COMPS,f_exp,,kg
FIT_LEN_COMPS,f_durwat,,kg
FIT_LEN_COMPS,m_obs_mean,,kg
FIT_LEN_COMPS,m_exp_mean,,kg
FIT_LEN_COMPS,m_delta,,kg
FIT_LEN_COMPS,m_exp,,kg
FIT_LEN_COMPS,m_durwat,,kg
FIT_LEN_COMPS,%f_obs,,kg
FIT_LEN_COMPS,%f_exp,,kg
FIT_AGE_COMPS,part,,kg
FIT_AGE_COMPS,ageerr,,kg
FIT_AGE_COMPS,lbin_lo,,kg
FIT_AGE_COMPS,lbin_hi,,kg
FIT_AGE_COMPS,nsamp_in,,kg
FIT_AGE_COMPS,nsamp_adj,,kg
FIT_AGE_COMPS,nsamp_dm,,kg
FIT_AGE_COMPS,effn,,kg
FIT_AGE_COMPS,all_obs_mean,,kg
FIT_AGE_COMPS,all_exp_mean,,kg
FIT_AGE_COMPS,all_delta,,kg
FIT_AGE_COMPS,all_exp,,kg
FIT_AGE_COMPS,all_durwat,,kg
FIT_AGE_COMPS,f_obs_mean,,kg
FIT_AGE_COMPS,f_exp_mean,,kg
FIT_AGE_COMPS,f_delta,,kg
FIT_AGE_COMPS,f_exp,,kg
FIT_AGE_COMPS,f_durwat,,kg
FIT_AGE_COMPS,m_obs_mean,,kg
FIT_AGE_COMPS,m_exp_mean,,kg
FIT_AGE_COMPS,m_delta,,kg
FIT_AGE_COMPS,m_exp,,kg
FIT_AGE_COMPS,m_durwat,,kg
FIT_AGE_COMPS,%f_obs,,kg
FIT_AGE_COMPS,%f_exp,,kg
LEN_SELEX,Lsel,selectivity_length,
LEN_SELEX,Ret,retention,kg
LEN_SELEX,Mort,discard_mortality,
LEN_SELEX,Keep,keep,kg
LEN_SELEX,Dead,dead,kg
Growth_Parameters,a1,,kg
Growth_Parameters,a2,,kg
Growth_Parameters,l_a_a1,,kg
Growth_Parameters,l_a_a2,,kg
Growth_Parameters,k,,kg
Growth_Parameters,a_a_l0,,kg
Growth_Parameters,linf,,kg
Growth_Parameters,cvmin,,kg
Growth_Parameters,cvmax,,kg
Growth_Parameters,natm_amin,,kg
Growth_Parameters,natm_max,,kg
Growth_Parameters,m_age0,,kg
Growth_Parameters,m_nages,,kg
Growth_Parameters,wtlen1,,kg
Growth_Parameters,wtlen2,,kg
Growth_Parameters,mat1,,kg
Growth_Parameters,mat2,,kg
Growth_Parameters,fec1,,kg
Growth_Parameters,fec2,,kg
MEAN_BODY_WT(Begin),mean_body_wt,,kg
Dynamic_Bzero,Dynamic_Bzero,dynamic_biomass_zero,kg
,sprtarg,spr_target,kg
,btarg,biomass_target,kg
,SBzero,spawning_biomass_zero,kg
,seas_dur,season_duration,
,annual_f,fishing_mortality,
,annual_m,natural_mortality,
,bio_all_eq,biomass,kg
,bio_smry_eq,biomass_reference_age,
,ssbfished_eq,spawning_biomass_fished,kg
,ssbfished_r,spawning_biomass_fished_recruitment,kg
,f_std,fishing_mortality,
,ave_f,fishing_mortality_average,
,maxf,fishing_mortality_max,
,tot_exploit,,kg
,dead_catch_b,,kg
,retain_catch_n,,kg
,retain_catch_b,,kg
,enc_catch_n,,kg
,dead_catch_n,,kg
,m,natural_mortality,
,enc_catch,,kg
,mnage_smry,,kg
,mnage_catch,,kg
,ssb,spawning_biomass,kg
,ssb_nofishing,spawning_biomass_no_fishing,kg
,f_msy,fishing_mortality_msy,
DISCARD_OUTPUT,discard_obs,discard_observed,kg
DISCARD_OUTPUT,discard_exp,discard_predicted,kg
DISCARD_OUTPUT,discard_dev,discard_deviation,kg
